New Incoming Student for the Academic Year: 2024 – 2025,Guaranteed Tuition Plan,Variable Tuition Rate,"Description of Calculation:
Based on 120 hour degree plan for an undergraduate resident student taking 15hrs for 8 semesters (fall and spring sessions)"
Semester 1,"$8,246","$7,322",
Semester 2,"$8,246","$7,322",
Semester 3,"$8,246","$7,542",Assuming an estimated 3.0% increase in the Variable Tuition Rate
Semester 4,"$8,246","$7,542",
Semester 5,"$8,246","$7,768",Assuming an estimated 3.0% increase in the Variable Tuition Rate
Semester 6,"$8,246","$7,768",
Semester 7,"$8,246","$8,001",Assuming an estimated 3.0% increase in the Variable Tuition Rate
Semester 8,"$8,246","$8,001",
,"$65,968","$61,266",

Variable Tuition Plan 2024 – 2025
,Resident / Undergraduate,Non-Resident / Undergraduate,Resident / Graduate,Non-Resident / Graduate
Credit Hours,Fall / Spring / 11-Week Summer,8-Week Summer Only,5-Week Summer Only,Fall / Spring / 11-Week Summer,8-Week Summer Only,5-Week Summer Only,Fall / Spring / 11-Week Summer,8-Week Summer Only,5-Week Summer Only,Fall / Spring / 11-Week Summer,8-Week Summer Only,5-Week Summer Only
1,"$1,740","$1,648","$1,577","$4,685","$4,593","$4,522","$1,691","$1,599","$1,528","$2,489","$2,397","$2,326"
2,"$2,318","$2,226","$2,155","$6,278","$6,186","$6,115","$2,693","$2,601","$2,530","$4,005","$3,913","$3,842"
3,"$2,897","$2,805","$2,734","$7,871","$7,779","$7,708","$3,475","$3,383","$3,312","$5,499","$5,407","$5,336"
4,"$3,476","$3,384","$3,313","$9,464","$9,372","$9,301","$4,152","$4,060","$3,989","$6,917","$6,825","$6,754"
5,"$4,055","$3,963","$3,892","$11,057","$10,965","$10,894","$4,828","$4,736","$4,665","$8,335","$8,243","$8,172"
6,"$4,633","$4,541","$4,470","$12,651","$12,559","$12,488","$5,502","$5,410","$5,339","$9,751","$9,659","$9,588"
7,"$5,212","$5,120","$5,049","$14,244","$14,152","$14,081","$6,613","$6,521","$6,450","$11,788","$11,696","$11,625"
8,"$5,791","$5,699","$5,628","$15,837","$15,745","$15,674","$7,289","$7,197","$7,126","$13,188","$13,096","$13,025"
9,"$6,370","$6,278","$6,207","$17,429","$17,337","$17,266","$7,584","$7,492","$7,421","$14,774","$14,682","$14,611"
10,"$6,388","$6,296","$6,225","$17,497","$17,405","$17,334","$8,173","$8,081","$8,010","$15,816","$15,724","$15,653"
11,"$6,406","$6,314","$6,243","$17,564","$17,472","$17,401","$8,762","$8,670","$8,599","$17,082","$16,990","$16,919"
12,"$7,322","$7,230","$7,159","$20,072","$19,980","$19,909","$9,101","$9,009","$8,938","$18,256","$18,164","$18,093"
13,"$7,322","$7,230","$7,159","$20,072","$19,980","$19,909","$9,101","$9,009","$8,938","$18,256","$18,164","$18,093"
14,"$7,322","$7,230","$7,159","$20,072","$19,980","$19,909","$9,101","$9,009","$8,938","$18,256","$18,164","$18,093"
15,"$7,322","$7,230","$7,159","$20,072","$19,980","$19,909","$9,101","$9,009","$8,938","$18,256","$18,164","$18,093"

Supplemental Designated Tuition Fees
School,Courses,Fee
"Harry J. Bass Jr. School of Arts, Humanities, and Technology",All ATCM Undergraduate,$50.00 per credit hour
All ATCM Graduate,$50.00 per credit hour
School of Behavioral and Brain Sciences,"Graduate Speech Language/Audiology (COMD, AUD)",$50.00 per credit hour
"School of Economic, Political and Policy Sciences",Graduate Public Affairs (PA),$50.00 per credit hour
Erik Jonsson School of Engineering and Computer Science,All ECS Undergraduate,$70.00 per credit hour
All ECS Graduate,$95.00 per credit hour
Naveen Jindal School of Management,All MGT Undergraduate,$60.00 per credit hour
All MGT Graduate,$100.00 per credit hour

Guaranteed Tuition Plan 2024 – 2025
,Resident / Undergraduate,Non-Resident / Undergraduate,Resident / Graduate,Non-Resident / Graduate
Credit Hours,Fall / Spring / 11-Week Summer,8-Week Summer Only,5-Week Summer Only,Fall / Spring / 11-Week Summer,8-Week Summer Only,5-Week Summer Only,Fall / Spring / 11-Week Summer,8-Week Summer Only,5-Week Summer Only,Fall / Spring / 11-Week Summer,8-Week Summer Only,5-Week Summer Only
1,"$1,957","$1,865","$1,794","$5,271","$5,179","$5,108","$1,906","$1,814","$1,743","$2,817","$2,725","$2,654"
2,"$2,607","$2,515","$2,444","$7,065","$6,973","$6,902","$3,037","$2,945","$2,874","$4,575","$4,483","$4,412"
3,"$3,260","$3,168","$3,097","$8,858","$8,766","$8,695","$3,923","$3,831","$3,760","$6,312","$6,220","$6,149"
4,"$3,912","$3,820","$3,749","$10,650","$10,558","$10,487","$4,686","$4,594","$4,523","$7,963","$7,871","$7,800"
5,"$4,565","$4,473","$4,402","$12,446","$12,354","$12,283","$5,449","$5,357","$5,286","$9,613","$9,521","$9,450"
6,"$5,216","$5,124","$5,053","$14,238","$14,146","$14,075","$6,212","$6,120","$6,049","$11,263","$11,171","$11,100"
7,"$5,869","$5,777","$5,706","$16,032","$15,940","$15,869","$7,466","$7,374","$7,303","$13,590","$13,498","$13,427"
8,"$6,521","$6,429","$6,358","$17,825","$17,733","$17,662","$8,229","$8,137","$8,066","$15,223","$15,131","$15,060"
9,"$7,173","$7,081","$7,010","$19,617","$19,525","$19,454","$8,564","$8,472","$8,401","$16,647","$16,555","$16,484"
10,"$7,195","$7,103","$7,032","$19,691","$19,599","$19,528","$9,254","$9,162","$9,091","$18,294","$18,202","$18,131"
11,"$7,214","$7,122","$7,051","$19,766","$19,674","$19,603","$9,942","$9,850","$9,779","$19,794","$19,702","$19,631"
12,"$8,246","$8,154","$8,083","$22,590","$22,498","$22,427","$10,458","$10,366","$10,295","$21,196","$21,104","$21,033"
13,"$8,246","$8,154","$8,083","$22,590","$22,498","$22,427","$10,458","$10,366","$10,295","$21,196","$21,104","$21,033"
14,"$8,246","$8,154","$8,083","$22,590","$22,498","$22,427","$10,458","$10,366","$10,295","$21,196","$21,104","$21,033"
15,"$8,246","$8,154","$8,083","$22,590","$22,498","$22,427","$10,458","$10,366","$10,295","$21,196","$21,104","$21,033"

Supplemental Designated Tuition Fees
School,Courses,Fee
"Harry J. Bass Jr. School of Arts, Humanities, and Technology",All ATCM Undergraduate,$50.00 per credit hour
All ATCM Graduate,$50.00 per credit hour
School of Behavioral and Brain Sciences,"Graduate Speech Language/Audiology (COMD, AUD)",$50.00 per credit hour
"School of Economic, Political and Policy Sciences",Graduate Public Affairs (PA),$50.00 per credit hour
Erik Jonsson School of Engineering and Computer Science,All ECS Undergraduate,$70.00 per credit hour
All ECS Graduate,$95.00 per credit hour
Naveen Jindal School of Management,All MGT Undergraduate,$60.00 per credit hour
All MGT Graduate,$100.00 per credit hour

Guaranteed Tuition Plan 2023 – 2024
,Resident / Undergraduate,Non-Resident / Undergraduate,Resident / Graduate,Non-Resident / Graduate
Credit Hours,Fall / Spring / 11-Week Summer,8-Week Summer Only,5-Week Summer Only,Fall / Spring / 11-Week Summer,8-Week Summer Only,5-Week Summer Only,Fall / Spring / 11-Week Summer,8-Week Summer Only,5-Week Summer Only,Fall / Spring / 11-Week Summer,8-Week Summer Only,5-Week Summer Only
1,"$1,917","$1,839","$1,774","$5,231","$5,153","$5,088","$1,866","$1,788","$1,723","$2,777","$2,699","$2,634"
2,"$2,567","$2,489","$2,424","$7,025","$6,947","$6,882","$2,997","$2,919","$2,854","$4,535","$4,457","$4,392"
3,"$3,220","$3,142","$3,077","$8,818","$8,740","$8,675","$3,883","$3,805","$3,740","$6,272","$6,194","$6,129"
4,"$3,872","$3,794","$3,729","$10,610","$10,532","$10,467","$4,646","$4,568","$4,503","$7,923","$7,845","$7,780"
5,"$4,525","$4,447","$4,382","$12,406","$12,328","$12,263","$5,409","$5,331","$5,266","$9,573","$9,495","$9,430"
6,"$5,176","$5,098","$5,033","$14,198","$14,120","$14,055","$6,172","$6,094","$6,029","$11,223","$11,145","$11,080"
7,"$5,829","$5,751","$5,686","$15,992","$15,914","$15,849","$7,426","$7,348","$7,283","$13,550","$13,472","$13,407"
8,"$6,481","$6,403","$6,338","$17,785","$17,707","$17,642","$8,189","$8,111","$8,046","$15,183","$15,105","$15,040"
9,"$7,133","$7,055","$6,990","$19,577","$19,499","$19,434","$8,524","$8,446","$8,381","$16,607","$16,529","$16,464"
10,"$7,155","$7,077","$7,012","$19,651","$19,573","$19,508","$9,214","$9,136","$9,071","$18,254","$18,176","$18,111"
11,"$7,174","$7,096","$7,031","$19,726","$19,648","$19,583","$9,902","$9,824","$9,759","$19,754","$19,676","$19,611"
12,"$8,206","$8,128","$8,063","$22,550","$22,472","$22,407","$10,418","$10,340","$10,275","$21,156","$21,078","$21,013"
13,"$8,206","$8,128","$8,063","$22,550","$22,472","$22,407","$10,418","$10,340","$10,275","$21,156","$21,078","$21,013"
14,"$8,206","$8,128","$8,063","$22,550","$22,472","$22,407","$10,418","$10,340","$10,275","$21,156","$21,078","$21,013"
15,"$8,206","$8,128","$8,063","$22,550","$22,472","$22,407","$10,418","$10,340","$10,275","$21,156","$21,078","$21,013"

Supplemental Designated Tuition Fees
School,Courses,Fee
"Harry J. Bass Jr. School of Arts, Humanities, and Technology",All ATCM Undergraduate,$50.00 per credit hour
All ATCM Graduate,$50.00 per credit hour
School of Behavioral and Brain Sciences,"Graduate Speech Language/Audiology (COMD, AUD)",$50.00 per credit hour
"School of Economic, Political and Policy Sciences",Graduate Public Affairs (PA),$50.00 per credit hour
Erik Jonsson School of Engineering and Computer Science,All ECS Undergraduate,$70.00 per credit hour
All ECS Graduate,$95.00 per credit hour
Naveen Jindal School of Management,All MGT Undergraduate,$60.00 per credit hour
All MGT Graduate,$100.00 per credit hour

Guaranteed Tuition Plan 2022 – 2023
,Resident / Undergraduate,Non-Resident / Undergraduate,Resident / Graduate,Non-Resident / Graduate
Credit Hours,Fall / Spring / 11-Week Summer,8-Week Summer Only,5-Week Summer Only,Fall / Spring / 11-Week Summer,8-Week Summer Only,5-Week Summer Only,Fall / Spring / 11-Week Summer,8-Week Summer Only,5-Week Summer Only,Fall / Spring / 11-Week Summer,8-Week Summer Only,5-Week Summer Only
1,"$1,917","$1,839","$1,774","$5,219","$5,141","$5,076","$1,866","$1,788","$1,723","$2,765","$2,687","$2,622"
2,"$2,567","$2,489","$2,424","$7,001","$6,923","$6,858","$2,997","$2,919","$2,854","$4,511","$4,433","$4,368"
3,"$3,220","$3,142","$3,077","$8,782","$8,704","$8,639","$3,883","$3,805","$3,740","$6,236","$6,158","$6,093"
4,"$3,872","$3,794","$3,729","$10,562","$10,484","$10,419","$4,646","$4,568","$4,503","$7,875","$7,797","$7,732"
5,"$4,525","$4,447","$4,382","$12,346","$12,268","$12,203","$5,409","$5,331","$5,266","$9,513","$9,435","$9,370"
6,"$5,176","$5,098","$5,033","$14,126","$14,048","$13,983","$6,172","$6,094","$6,029","$11,151","$11,073","$11,008"
7,"$5,829","$5,751","$5,686","$15,908","$15,830","$15,765","$7,426","$7,348","$7,283","$13,466","$13,388","$13,323"
8,"$6,481","$6,403","$6,338","$17,689","$17,611","$17,546","$8,189","$8,111","$8,046","$15,087","$15,009","$14,944"
9,"$7,133","$7,055","$6,990","$19,469","$19,391","$19,326","$8,524","$8,446","$8,381","$16,499","$16,421","$16,356"
10,"$7,155","$7,077","$7,012","$19,531","$19,453","$19,388","$9,214","$9,136","$9,071","$18,134","$18,056","$17,991"
11,"$7,174","$7,096","$7,031","$19,594","$19,516","$19,451","$9,902","$9,824","$9,759","$19,622","$19,544","$19,479"
12,"$8,206","$8,128","$8,063","$22,406","$22,328","$22,263","$10,418","$10,340","$10,275","$21,012","$20,934","$20,869"
13,"$8,206","$8,128","$8,063","$22,406","$22,328","$22,263","$10,418","$10,340","$10,275","$21,012","$20,934","$20,869"
14,"$8,206","$8,128","$8,063","$22,406","$22,328","$22,263","$10,418","$10,340","$10,275","$21,012","$20,934","$20,869"
15,"$8,206","$8,128","$8,063","$22,406","$22,328","$22,263","$10,418","$10,340","$10,275","$21,012","$20,934","$20,869"

Supplemental Designated Tuition Fees
School,Courses,Fee
"Harry J. Bass Jr. School of Arts, Humanities, and Technology",All ATCM Undergraduate,$50.00 per credit hour
All ATCM Graduate,$50.00 per credit hour
School of Behavioral and Brain Sciences,"Graduate Speech Language/Audiology (COMD, AUD)",$50.00 per credit hour
"School of Economic, Political and Policy Sciences",Graduate Public Affairs (PA),$50.00 per credit hour
Erik Jonsson School of Engineering and Computer Science,All ECS Undergraduate,$70.00 per credit hour
All ECS Graduate,$95.00 per credit hour
Naveen Jindal School of Management,All MGT Undergraduate,$60.00 per credit hour
All MGT Graduate,$100.00 per credit hour

Guaranteed Tuition Plan 2021-2022
,Resident / Undergraduate,Non-Resident / Undergraduate,Resident / Graduate,Non-Resident / Graduate
Credit Hours,Fall / Spring / 11-Week Summer,8-Week Summer Only,5-Week Summer Only,Fall / Spring / 11-Week Summer,8-Week Summer Only,5-Week Summer Only,Fall / Spring / 11-Week Summer,8-Week Summer Only,5-Week Summer Only,Fall / Spring / 11-Week Summer,8-Week Summer Only,5-Week Summer Only
1,"$1,917","$1,839","$1,774","$5,219","$5,141","$5,076","$1,866","$1,788","$1,723","$2,765","$2,687","$2,622"
2,"$2,567","$2,489","$2,424","$7,001","$6,923","$6,858","$2,997","$2,919","$2,854","$4,511","$4,433","$4,368"
3,"$3,220","$3,142","$3,077","$8,782","$8,704","$8,639","$3,883","$3,805","$3,740","$6,236","$6,158","$6,093"
4,"$3,872","$3,794","$3,729","$10,562","$10,484","$10,419","$4,646","$4,568","$4,503","$7,875","$7,797","$7,732"
5,"$4,525","$4,447","$4,382","$12,346","$12,268","$12,203","$5,409","$5,331","$5,266","$9,513","$9,435","$9,370"
6,"$5,176","$5,098","$5,033","$14,126","$14,048","$13,983","$6,172","$6,094","$6,029","$11,151","$11,073","$11,008"
7,"$5,829","$5,751","$5,686","$15,908","$15,830","$15,765","$7,426","$7,348","$7,283","$13,466","$13,388","$13,323"
8,"$6,481","$6,403","$6,338","$17,689","$17,611","$17,546","$8,189","$8,111","$8,046","$15,087","$15,009","$14,944"
9,"$7,133","$7,055","$6,990","$19,469","$19,391","$19,326","$8,524","$8,446","$8,381","$16,499","$16,421","$16,356"
10,"$7,155","$7,077","$7,012","$19,531","$19,453","$19,388","$9,214","$9,136","$9,071","$18,134","$18,056","$17,991"
11,"$7,174","$7,096","$7,031","$19,594","$19,516","$19,451","$9,902","$9,824","$9,759","$19,622","$19,544","$19,479"
12,"$8,206","$8,128","$8,063","$22,406","$22,328","$22,263","$10,418","$10,340","$10,275","$21,012","$20,934","$20,869"
13,"$8,206","$8,128","$8,063","$22,406","$22,328","$22,263","$10,418","$10,340","$10,275","$21,012","$20,934","$20,869"
14,"$8,206","$8,128","$8,063","$22,406","$22,328","$22,263","$10,418","$10,340","$10,275","$21,012","$20,934","$20,869"
15,"$8,206","$8,128","$8,063","$22,406","$22,328","$22,263","$10,418","$10,340","$10,275","$21,012","$20,934","$20,869"

Supplemental Designated Tuition Fees
School,Courses,Fee
"School of Arts, Technology, and Emerging Communication",All ATCM Undergraduate,$50.00 per credit hour
All ATCM Graduate,$50.00 per credit hour
School of Behavioral and Brain Sciences,"Graduate Speech Language/Audiology (COMD, AUD)",$50.00 per credit hour
"School of Economic, Political and Policy Sciences",Graduate Public Affairs (PA),$50.00 per credit hour
Erik Jonsson School of Engineering and Computer Science,All ECS Undergraduate,$70.00 per credit hour
All ECS Graduate,$95.00 per credit hour
Naveen Jindal School of Management,All MGT Undergraduate,$60.00 per credit hour
All MGT Graduate,$100.00 per credit hour

Variable Tuition Plan 2023 – 2024
,Resident / Undergraduate,Non-Resident / Undergraduate,Resident / Graduate,Non-Resident / Graduate
Credit Hours,Fall / Spring / 11-Week Summer,8-Week Summer Only,5-Week Summer Only,Fall / Spring / 11-Week Summer,8-Week Summer Only,5-Week Summer Only,Fall / Spring / 11-Week Summer,8-Week Summer Only,5-Week Summer Only,Fall / Spring / 11-Week Summer,8-Week Summer Only,5-Week Summer Only
1,"$1,700","$1,622","$1,557","$4,645","$4,567","$4,502","$1,651","$1,573","$1,508","$2,449","$2,371","$2,306"
2,"$2,278","$2,200","$2,135","$6,238","$6,160","$6,095","$2,653","$2,575","$2,510","$3,965","$3,887","$3,822"
3,"$2,857","$2,779","$2,714","$7,831","$7,753","$7,688","$3,435","$3,357","$3,292","$5,459","$5,381","$5,316"
4,"$3,436","$3,358","$3,293","$9,424","$9,346","$9,281","$4,112","$4,034","$3,969","$6,877","$6,799","$6,734"
5,"$4,015","$3,937","$3,872","$11,017","$10,939","$10,874","$4,788","$4,710","$4,645","$8,295","$8,217","$8,152"
6,"$4,593","$4,515","$4,450","$12,611","$12,533","$12,468","$5,462","$5,384","$5,319","$9,711","$9,633","$9,568"
7,"$5,172","$5,094","$5,029","$14,204","$14,126","$14,061","$6,573","$6,495","$6,430","$11,748","$11,670","$11,605"
8,"$5,751","$5,673","$5,608","$15,797","$15,719","$15,654","$7,249","$7,171","$7,106","$13,148","$13,070","$13,005"
9,"$6,330","$6,252","$6,187","$17,389","$17,311","$17,246","$7,544","$7,466","$7,401","$14,734","$14,656","$14,591"
10,"$6,348","$6,270","$6,205","$17,457","$17,379","$17,314","$8,133","$8,055","$7,990","$15,776","$15,698","$15,633"
11,"$6,366","$6,288","$6,223","$17,524","$17,446","$17,381","$8,722","$8,644","$8,579","$17,042","$16,964","$16,899"
12,"$7,282","$7,204","$7,139","$20,032","$19,954","$19,889","$9,061","$8,983","$8,918","$18,216","$18,138","$18,073"
13,"$7,282","$7,204","$7,139","$20,032","$19,954","$19,889","$9,061","$8,983","$8,918","$18,216","$18,138","$18,073"
14,"$7,282","$7,204","$7,139","$20,032","$19,954","$19,889","$9,061","$8,983","$8,918","$18,216","$18,138","$18,073"
15,"$7,282","$7,204","$7,139","$20,032","$19,954","$19,889","$9,061","$8,983","$8,918","$18,216","$18,138","$18,073"

Supplemental Designated Tuition Fees
School,Courses,Fee
"Harry J. Bass Jr. School of Arts, Humanities, and Technology",All ATCM Undergraduate,$50.00 per credit hour
All ATCM Graduate,$50.00 per credit hour
School of Behavioral and Brain Sciences,"Graduate Speech Language/Audiology (COMD, AUD)",$50.00 per credit hour
"School of Economic, Political and Policy Sciences",Graduate Public Affairs (PA),$50.00 per credit hour
Erik Jonsson School of Engineering and Computer Science,All ECS Undergraduate,$70.00 per credit hour
All ECS Graduate,$95.00 per credit hour
Naveen Jindal School of Management,All MGT Undergraduate,$60.00 per credit hour
All MGT Graduate,$100.00 per credit hour

Variable Tuition Plan 2022 – 2023
,Resident / Undergraduate,Non-Resident / Undergraduate,Resident / Graduate,Non-Resident / Graduate
Credit Hours,Fall / Spring / 11-Week Summer,8-Week Summer Only,5-Week Summer Only,Fall / Spring / 11-Week Summer,8-Week Summer Only,5-Week Summer Only,Fall / Spring / 11-Week Summer,8-Week Summer Only,5-Week Summer Only,Fall / Spring / 11-Week Summer,8-Week Summer Only,5-Week Summer Only
1,"$1,700","$1,622","$1,557","$4,633","$4,555","$4,490","$1,651","$1,573","$1,508","$2,437","$2,359","$2,294"
2,"$2,278","$2,200","$2,135","$6,214","$6,136","$6,071","$2,653","$2,575","$2,510","$3,941","$3,863","$3,798"
3,"$2,857","$2,779","$2,714","$7,795","$7,717","$7,652","$3,435","$3,357","$3,292","$5,423","$5,345","$5,280"
4,"$3,436","$3,358","$3,293","$9,376","$9,298","$9,233","$4,112","$4,034","$3,969","$6,829","$6,751","$6,686"
5,"$4,015","$3,937","$3,872","$10,957","$10,879","$10,814","$4,788","$4,710","$4,645","$8,235","$8,157","$8,092"
6,"$4,593","$4,515","$4,450","$12,539","$12,461","$12,396","$5,462","$5,384","$5,319","$9,639","$9,561","$9,496"
7,"$5,172","$5,094","$5,029","$14,120","$14,042","$13,977","$6,573","$6,495","$6,430","$11,664","$11,586","$11,521"
8,"$5,751","$5,673","$5,608","$15,701","$15,623","$15,558","$7,249","$7,171","$7,106","$13,052","$12,974","$12,909"
9,"$6,330","$6,252","$6,187","$17,281","$17,203","$17,138","$7,544","$7,466","$7,401","$14,626","$14,548","$14,483"
10,"$6,348","$6,270","$6,205","$17,337","$17,259","$17,194","$8,133","$8,055","$7,990","$15,656","$15,578","$15,513"
11,"$6,366","$6,288","$6,223","$17,392","$17,314","$17,249","$8,722","$8,644","$8,579","$16,910","$16,832","$16,767"
12,"$7,282","$7,204","$7,139","$19,888","$19,810","$19,745","$9,061","$8,983","$8,918","$18,072","$17,994","$17,929"
13,"$7,282","$7,204","$7,139","$19,888","$19,810","$19,745","$9,061","$8,983","$8,918","$18,072","$17,994","$17,929"
14,"$7,282","$7,204","$7,139","$19,888","$19,810","$19,745","$9,061","$8,983","$8,918","$18,072","$17,994","$17,929"
15,"$7,282","$7,204","$7,139","$19,888","$19,810","$19,745","$9,061","$8,983","$8,918","$18,072","$17,994","$17,929"

Supplemental Designated Tuition Fees
School,Courses,Fee
"Harry J. Bass Jr. School of Arts, Humanities, and Technology",All ATCM Undergraduate,$50.00 per credit hour
All ATCM Graduate,$50.00 per credit hour
School of Behavioral and Brain Sciences,"Graduate Speech Language/Audiology (COMD, AUD)",$50.00 per credit hour
"School of Economic, Political and Policy Sciences",Graduate Public Affairs (PA),$50.00 per credit hour
Erik Jonsson School of Engineering and Computer Science,All ECS Undergraduate,$70.00 per credit hour
All ECS Graduate,$95.00 per credit hour
Naveen Jindal School of Management,All MGT Undergraduate,$60.00 per credit hour
All MGT Graduate,$100.00 per credit hour

Variable Tuition Plan 2021-2022
,Resident / Undergraduate,Non-Resident / Undergraduate,Resident / Graduate,Non-Resident / Graduate
Credit Hours,Fall / Spring / 11-Week Summer,8-Week Summer Only,5-Week Summer Only,Fall / Spring / 11-Week Summer,8-Week Summer Only,5-Week Summer Only,Fall / Spring / 11-Week Summer,8-Week Summer Only,5-Week Summer Only,Fall / Spring / 11-Week Summer,8-Week Summer Only,5-Week Summer Only
1,"$1,700","$1,622","$1,557","$4,633","$4,555","$4,490","$1,651","$1,573","$1,508","$2,437","$2,359","$2,294"
2,"$2,278","$2,200","$2,135","$6,214","$6,136","$6,071","$2,653","$2,575","$2,510","$3,941","$3,863","$3,798"
3,"$2,857","$2,779","$2,714","$7,795","$7,717","$7,652","$3,435","$3,357","$3,292","$5,423","$5,345","$5,280"
4,"$3,436","$3,358","$3,293","$9,376","$9,298","$9,233","$4,112","$4,034","$3,969","$6,829","$6,751","$6,686"
5,"$4,015","$3,937","$3,872","$10,957","$10,879","$10,814","$4,788","$4,710","$4,645","$8,235","$8,157","$8,092"
6,"$4,593","$4,515","$4,450","$12,539","$12,461","$12,396","$5,462","$5,384","$5,319","$9,639","$9,561","$9,496"
7,"$5,172","$5,094","$5,029","$14,120","$14,042","$13,977","$6,573","$6,495","$6,430","$11,664","$11,586","$11,521"
8,"$5,751","$5,673","$5,608","$15,701","$15,623","$15,558","$7,249","$7,171","$7,106","$13,052","$12,974","$12,909"
9,"$6,330","$6,252","$6,187","$17,281","$17,203","$17,138","$7,544","$7,466","$7,401","$14,626","$14,548","$14,483"
10,"$6,348","$6,270","$6,205","$17,337","$17,259","$17,194","$8,133","$8,055","$7,990","$15,656","$15,578","$15,513"
11,"$6,366","$6,288","$6,223","$17,392","$17,314","$17,249","$8,722","$8,644","$8,579","$16,910","$16,832","$16,767"
12,"$7,282","$7,204","$7,139","$19,888","$19,810","$19,745","$9,061","$8,983","$8,918","$18,072","$17,994","$17,929"
13,"$7,282","$7,204","$7,139","$19,888","$19,810","$19,745","$9,061","$8,983","$8,918","$18,072","$17,994","$17,929"
14,"$7,282","$7,204","$7,139","$19,888","$19,810","$19,745","$9,061","$8,983","$8,918","$18,072","$17,994","$17,929"
15,"$7,282","$7,204","$7,139","$19,888","$19,810","$19,745","$9,061","$8,983","$8,918","$18,072","$17,994","$17,929"

Supplemental Designated Tuition Fees
School,Courses,Fee
"School of Arts, Technology, and Emerging Communication",All ATCM Undergraduate,$50.00 per credit hour
All ATCM Graduate,$50.00 per credit hour
School of Behavioral and Brain Sciences,"Graduate Speech Language/Audiology (COMD, AUD)",$50.00 per credit hour
"School of Economic, Political and Policy Sciences",Graduate Public Affairs (PA),$50.00 per credit hour
Erik Jonsson School of Engineering and Computer Science,All ECS Undergraduate,$70.00 per credit hour
All ECS Graduate,$95.00 per credit hour
Naveen Jindal School of Management,All MGT Undergraduate,$60.00 per credit hour
All MGT Graduate,$100.00 per credit hour

Variable Tuition Plan 2020-2021
,Resident / Undergraduate,Non-Resident / Undergraduate,Resident / Graduate,Non-Resident / Graduate
Credit Hours,Fall / Spring / 11-Week Summer,8-Week Summer Only,5-Week Summer Only,Fall / Spring / 11-Week Summer,8-Week Summer Only,5-Week Summer Only,Fall / Spring / 11-Week Summer,8-Week Summer Only,5-Week Summer Only,Fall / Spring / 11-Week Summer,8-Week Summer Only,5-Week Summer Only
1,"$1,633","$1,556","$1,492","$4,537","$4,460","$4,396","$1,593","$1,516","$1,452","$2,383","$2,306","$2,242"
2,"$2,189","$2,112","$2,048","$6,086","$6,009","$5,945","$2,560","$2,483","$2,419","$3,854","$3,777","$3,713"
3,"$2,745","$2,668","$2,604","$7,635","$7,558","$7,494","$3,315","$3,238","$3,174","$5,304","$5,227","$5,163"
4,"$3,301","$3,224","$3,160","$9,184","$9,107","$9,043","$3,968","$3,891","$3,827","$6,679","$6,602","$6,538"
5,"$3,857","$3,780","$3,716","$10,733","$10,656","$10,592","$4,620","$4,543","$4,479","$8,054","$7,977","$7,913"
6,"$4,413","$4,336","$4,272","$12,283","$12,206","$12,142","$5,271","$5,194","$5,130","$9,428","$9,351","$9,287"
7,"$4,969","$4,892","$4,828","$13,832","$13,755","$13,691","$6,343","$6,266","$6,202","$11,408","$11,331","$11,267"
8,"$5,525","$5,448","$5,384","$15,381","$15,304","$15,240","$6,995","$6,918","$6,854","$12,766","$12,689","$12,625"
9,"$6,081","$6,004","$5,940","$16,929","$16,852","$16,788","$7,280","$7,203","$7,139","$14,305","$14,228","$14,164"
10,"$6,099","$6,022","$5,958","$16,985","$16,908","$16,844","$7,840","$7,763","$7,699","$15,313","$15,236","$15,172"
11,"$6,116","$6,039","$5,975","$17,040","$16,963","$16,899","$8,399","$8,322","$8,258","$16,539","$16,462","$16,398"
12,"$6,996","$6,919","$6,855","$19,485","$19,408","$19,344","$8,709","$8,632","$8,568","$17,676","$17,599","$17,535"
13,"$6,996","$6,919","$6,855","$19,485","$19,408","$19,344","$8,709","$8,632","$8,568","$17,676","$17,599","$17,535"
14,"$6,996","$6,919","$6,855","$19,485","$19,408","$19,344","$8,709","$8,632","$8,568","$17,676","$17,599","$17,535"
15,"$6,996","$6,919","$6,855","$19,485","$19,408","$19,344","$8,709","$8,632","$8,568","$17,676","$17,599","$17,535"

Supplemental Designated Tuition Fees
School,Courses,Fee
"School of Arts, Technology, and Emerging Communication",All ATCM Undergraduate,$45.00 per credit hour
All ATCM Graduate,$50.00 per credit hour
School of Behavioral and Brain Sciences,"Graduate Speech Language/Audiology (COMD, AUD)",$50.00 per credit hour
"School of Economic, Political and Policy Sciences",Graduate Public Affairs (PA),$50.00 per credit hour
Erik Jonsson School of Engineering and Computer Science,All ECS Undergraduate,$65.00 per credit hour
All ECS Graduate,$85.00 per credit hour
Naveen Jindal School of Management,All MGT Undergraduate,$55.00 per credit hour
All MGT Graduate,$100.00 per credit hour

Variable Tuition Plan 2019-2020
,Resident / Undergraduate,Non-Resident / Undergraduate,Resident / Graduate,Non-Resident / Graduate
Credit Hours,Fall / Spring / 11-Week Summer,8-Week Summer Only,5-Week Summer Only,Fall / Spring / 11-Week Summer,8-Week Summer Only,5-Week Summer Only,Fall / Spring / 11-Week Summer,8-Week Summer Only,5-Week Summer Only,Fall / Spring / 11-Week Summer,8-Week Summer Only,5-Week Summer Only
1,"$1,569","$1,493","$1,430","$4,444","$4,368","$4,305","$1,518","$1,442","$1,379","$2,315","$2,239","$2,176"
2,"$2,103","$2,027","$1,964","$5,961","$5,885","$5,822","$2,439","$2,363","$2,300","$3,744","$3,668","$3,605"
3,"$2,637","$2,561","$2,498","$7,478","$7,402","$7,339","$3,159","$3,083","$3,020","$5,153","$5,077","$5,014"
4,"$3,171","$3,095","$3,032","$8,995","$8,919","$8,856","$3,781","$3,705","$3,642","$6,489","$6,413","$6,350"
5,"$3,705","$3,629","$3,566","$10,512","$10,436","$10,373","$4,402","$4,326","$4,263","$7,825","$7,749","$7,686"
6,"$4,240","$4,164","$4,101","$12,030","$11,954","$11,891","$5,023","$4,947","$4,884","$9,160","$9,084","$9,021"
7,"$4,774","$4,698","$4,635","$13,547","$13,471","$13,408","$6,044","$5,968","$5,905","$11,083","$11,007","$10,944"
8,"$5,308","$5,232","$5,169","$15,064","$14,998","$14,925","$6,665","$6,589","$6,526","$12,403","$12,327","$12,264"
9,"$5,842","$5,766","$5,703","$16,581","$16,505","$16,442","$6,937","$6,861","$6,798","$13,898","$13,822","$13,759"
10,"$5,859","$5,783","$5,720","$16,635","$16,559","$16,496","$7,459","$7,383","$7,320","$14,861","$14,785","$14,722"
11,"$5,876","$5,800","$5,737","$16,689","$16,613","$16,550","$7,980","$7,904","$7,841","$16,042","$15,966","$15,903"
12,"$6,721","$6,645","$6,582","$19,084","$19,008","$18,945","$8,252","$8,176","$8,113","$17,133","$17,057","$16,994"
13,"$6,721","$6,645","$6,582","$19,084","$19,008","$18,945","$8,252","$8,176","$8,113","$17,133","$17,057","$16,994"
14,"$6,721","$6,645","$6,582","$19,084","$19,008","$18,945","$8,252","$8,176","$8,113","$17,133","$17,057","$16,994"
15,"$6,721","$6,645","$6,582","$19,084","$19,008","$18,945","$8,252","$8,176","$8,113","$17,133","$17,057","$16,994"

Supplemental Designated Tuition Fees
School,Courses,Fee
School,Courses,Fee
"School of Arts, Technology, and Emerging Communication",All ATCM Undergraduate,$40.00 per credit hour
All ATCM Graduate,$50.00 per credit hour
School of Behavioral and Brain Sciences,"Graduate Speech Language/Audiology (COMD, AUD)",$50.00 per credit hour
"School of Economic, Political and Policy Sciences",Graduate Public Affairs (PA),$50.00 per credit hour
Erik Jonsson School of Engineering and Computer Science,All ECS Undergraduate,$50.00 per credit hour
All ECS Graduate,$75.00 per credit hour
Naveen Jindal School of Management,All MGT Undergraduate,$50.00 per credit hour
All MGT Graduate,$100.00 per credit hour

Variable Tuition Plan 2018-2019
,Resident / Undergraduate,Non-Resident / Undergraduate,Resident / Graduate,Non-Resident / Graduate
Credit Hours,Fall / Spring / 11-Week Summer,8-Week Summer Only,5-Week Summer Only,Fall / Spring / 11-Week Summer,8-Week Summer Only,5-Week Summer Only,Fall / Spring / 11-Week Summer,8-Week Summer Only,5-Week Summer Only,Fall / Spring / 11-Week Summer,8-Week Summer Only,5-Week Summer Only
1,"$1,552","$1,476","$1,413","$4,390","$4,314","$4,251","$1,495","$1,419","$1,356","$2,263","$2,187","$2,124"
2,"$2,069","$1,993","$1,930","$5,853","$5,777","$5,714","$2,393","$2,317","$2,254","$3,639","$3,563","$3,500"
3,"$2,586","$2,510","$2,447","$7,317","$7,241","$7,178","$3,090","$3,014","$2,951","$4,996","$4,920","$4,857"
4,"$3,103","$3,027","$2,964","$8,780","$8,704","$8,641","$3,689","$3,613","$3,550","$6,279","$6,203","$6,140"
5,"$3,620","$3,544","$3,481","$10,243","$10,167","$10,104","$4,287","$4,211","$4,148","$7,563","$7,487","$7,424"
6,"$4,138","$4,062","$3,999","$11,707","$11,631","$11,568","$4,885","$4,809","$4,746","$8,846","$8,770","$8,707"
7,"$4,655","$4,579","$4,516","$13,170","$13,094","$13,031","$5,882","$5,806","$5,743","$10,716","$10,640","$10,577"
8,"$5,172","$5,096","$5,033","$14,634","$14,558","$14,495","$6,480","$6,404","$6,341","$11,984","$11,908","$11,845"
9,"$5,689","$5,613","$5,550","$16,097","$16,021","$15,958","$6,729","$6,653","$6,590","$13,426","$13,350","$13,287"
10,"$5,689","$5,613","$5,550","$16,097","$16,021","$15,958","$7,228","$7,152","$7,089","$14,337","$14,261","$14,198"
11,"$5,689","$5,613","$5,550","$16,097","$16,021","$15,958","$7,726","$7,650","$7,587","$15,466","$15,390","$15,327"
12,"$6,517","$6,441","$6,378","$18,438","$18,362","$18,299","$7,975","$7,899","$7,836","$16,504","$16,428","$16,365"
13,"$6,517","$6,441","$6,378","$18,438","$18,362","$18,299","$7,975","$7,899","$7,836","$16,504","$16,428","$16,365"
14,"$6,517","$6,441","$6,378","$18,438","$18,362","$18,299","$7,975","$7,899","$7,836","$16,504","$16,428","$16,365"
15,"$6,517","$6,441","$6,378","$18,438","$18,362","$18,299","$7,975","$7,899","$7,836","$16,504","$16,428","$16,365"

Supplemental Designated Tuition Fees
School,Courses,Fee
School,Courses,Fee
"School of Arts, Technology, and Emerging Communication",All ATCM Undergraduate,$40.00 per credit hour
All ATCM Graduate,$50.00 per credit hour
School of Behavioral and Brain Sciences,"Graduate Speech Language/Audiology (COMD, AUD)",$50.00 per credit hour
"School of Economic, Political and Policy Sciences",Graduate Public Affairs (PA),$50.00 per credit hour
Erik Jonsson School of Engineering and Computer Science,All ECS Undergraduate,$50.00 per credit hour
All ECS Graduate,$75.00 per credit hour
Naveen Jindal School of Management,All MGT Undergraduate,$50.00 per credit hour
All MGT Graduate,$100.00 per credit hour

Guaranteed Tuition Plan 2020-2021
,Resident / Undergraduate,Non-Resident / Undergraduate,Resident / Graduate,Non-Resident / Graduate
Credit Hours,Fall / Spring / 11-Week Summer,8-Week Summer Only,5-Week Summer Only,Fall / Spring / 11-Week Summer,8-Week Summer Only,5-Week Summer Only,Fall / Spring / 11-Week Summer,8-Week Summer Only,5-Week Summer Only,Fall / Spring / 11-Week Summer,8-Week Summer Only,5-Week Summer Only
1,"$1,765","$1,688","$1,624","$4,895","$4,818","$4,754","$1,723","$1,646","$1,582","$2,587","$2,510","$2,446"
2,"$2,364","$2,287","$2,223","$6,567","$6,490","$6,426","$2,767","$2,690","$2,626","$4,221","$4,144","$4,080"
3,"$2,965","$2,888","$2,824","$8,238","$8,161","$8,097","$3,585","$3,508","$3,444","$5,835","$5,758","$5,694"
4,"$3,566","$3,489","$3,425","$9,908","$9,831","$9,767","$4,289","$4,212","$4,148","$7,369","$7,292","$7,228"
5,"$4,167","$4,090","$4,026","$11,581","$11,504","$11,440","$4,993","$4,916","$4,852","$8,902","$8,825","$8,761"
6,"$4,767","$4,690","$4,626","$13,251","$13,174","$13,110","$5,698","$5,621","$5,557","$10,435","$10,358","$10,294"
7,"$5,368","$5,291","$5,227","$14,923","$14,846","$14,782","$6,855","$6,778","$6,714","$12,601","$12,524","$12,460"
8,"$5,968","$5,891","$5,827","$16,594","$16,517","$16,453","$7,560","$7,483","$7,419","$14,118","$14,041","$13,977"
9,"$6,569","$6,492","$6,428","$18,264","$18,187","$18,123","$7,869","$7,792","$7,728","$15,440","$15,363","$15,299"
10,"$6,589","$6,512","$6,448","$18,323","$18,246","$18,182","$8,486","$8,409","$8,345","$16,970","$16,893","$16,829"
11,"$6,607","$6,530","$6,466","$18,383","$18,306","$18,242","$9,101","$9,024","$8,960","$18,363","$18,286","$18,222"
12,"$7,557","$7,480","$7,416","$21,021","$20,944","$20,880","$9,545","$9,468","$9,404","$19,664","$19,587","$19,523"
13,"$7,557","$7,480","$7,416","$21,021","$20,944","$20,880","$9,545","$9,468","$9,404","$19,664","$19,587","$19,523"
14,"$7,557","$7,480","$7,416","$21,021","$20,944","$20,880","$9,545","$9,468","$9,404","$19,664","$19,587","$19,523"
15,"$7,557","$7,480","$7,416","$21,021","$20,944","$20,880","$9,545","$9,468","$9,404","$19,664","$19,587","$19,523"

Supplemental Designated Tuition Fees
School,Courses,Fee
"School of Arts, Technology, and Emerging Communication",All ATCM Undergraduate,$45.00 per credit hour
All ATCM Graduate,$50.00 per credit hour
School of Behavioral and Brain Sciences,"Graduate Speech Language/Audiology (COMD, AUD)",$50.00 per credit hour
"School of Economic, Political and Policy Sciences",Graduate Public Affairs (PA),$50.00 per credit hour
Erik Jonsson School of Engineering and Computer Science,All ECS Undergraduate,$65.00 per credit hour
All ECS Graduate,$85.00 per credit hour
Naveen Jindal School of Management,All MGT Undergraduate,$55.00 per credit hour
All MGT Graduate,$100.00 per credit hour

Guaranteed Tuition Plan 2019-2020
,Resident / Undergraduate,Non-Resident / Undergraduate,Resident / Graduate,Non-Resident / Graduate
Credit Hours,Fall / Spring / 11-Week Summer,8-Week Summer Only,5-Week Summer Only,Fall / Spring / 11-Week Summer,8-Week Summer Only,5-Week Summer Only,Fall / Spring / 11-Week Summer,8-Week Summer Only,5-Week Summer Only,Fall / Spring / 11-Week Summer,8-Week Summer Only,5-Week Summer Only
1,"$1,624","$1,548","$1,485","$4,592","$4,516","$4,453","$1,571","$1,495","$1,432","$2,406","$2,330","$2,267"
2,"$2,176","$2,100","$2,037","$6,161","$6,085","$6,022","$2,523","$2,447","$2,384","$3,926","$3,850","$3,787"
3,"$2,729","$2,653","$2,590","$7,728","$7,652","$7,589","$3,269","$3,193","$3,130","$5,427","$5,351","$5,288"
4,"$3,282","$3,206","$3,143","$9,295","$9,219","$9,156","$3,911","$3,835","$3,772","$6,854","$6,778","$6,715"
5,"$3,835","$3,759","$3,696","$10,864","$10,788","$10,725","$4,553","$4,477","$4,414","$8,280","$8,204","$8,141"
6,"$4,387","$4,311","$4,248","$12,431","$12,355","$12,292","$5,196","$5,120","$5,057","$9,706","$9,630","$9,567"
7,"$4,940","$4,864","$4,801","$13,999","$13,923","$13,860","$6,251","$6,175","$6,112","$11,720","$11,644","$11,581"
8,"$5,493","$5,417","$5,354","$15,567","$15,491","$15,428","$6,894","$6,818","$6,755","$13,131","$13,055","$12,992"
9,"$6,046","$5,970","$5,907","$17,134","$17,058","$16,995","$7,176","$7,100","$7,037","$14,361","$14,285","$14,222"
10,"$6,064","$5,988","$5,925","$17,189","$17,113","$17,050","$7,716","$7,640","$7,577","$15,771","$15,695","$15,632"
11,"$6,081","$6,005","$5,942","$17,245","$17,169","$17,106","$8,254","$8,178","$8,115","$17,044","$16,968","$16,905"
12,"$6,955","$6,879","$6,816","$19,720","$19,644","$19,581","$8,621","$8,545","$8,482","$18,225","$18,149","$18,086"
13,"$6,955","$6,879","$6,816","$19,720","$19,644","$19,581","$8,621","$8,545","$8,482","$18,225","$18,149","$18,086"
14,"$6,955","$6,879","$6,816","$19,720","$19,644","$19,581","$8,621","$8,545","$8,482","$18,225","$18,149","$18,086"
15,"$6,955","$6,879","$6,816","$19,720","$19,644","$19,581","$8,621","$8,545","$8,482","$18,225","$18,149","$18,086"

Supplemental Designated Tuition Fees
School,Courses,Fee
"School of Arts, Technology, and Emerging Communication",All ATCM Undergraduate,$40.00 per credit hour
All ATCM Graduate,$50.00 per credit hour
School of Behavioral and Brain Sciences,"Graduate Speech Language/Audiology (COMD, AUD)",$50.00 per credit hour
"School of Economic, Political and Policy Sciences",Graduate Public Affairs (PA),$50.00 per credit hour
Erik Jonsson School of Engineering and Computer Science,All ECS Undergraduate,$50.00 per credit hour
All ECS Graduate,$75.00 per credit hour
Naveen Jindal School of Management,All MGT Undergraduate,$50.00 per credit hour
All MGT Graduate,$100.00 per credit hour

Guaranteed Tuition Plan 2018-2019
,Resident / Undergraduate,Non-Resident / Undergraduate,Resident / Graduate,Non-Resident / Graduate
Credit Hours,Fall / Spring / 11-Week Summer,8-Week Summer Only,5-Week Summer Only,Fall / Spring / 11-Week Summer,8-Week Summer Only,5-Week Summer Only,Fall / Spring / 11-Week Summer,8-Week Summer Only,5-Week Summer Only,Fall / Spring / 11-Week Summer,8-Week Summer Only,5-Week Summer Only
1,"$1,606","$1,530","$1,467","$4,537","$4,461","$4,398","$1,547","$1,471","$1,408","$2,352","$2,276","$2,213"
2,"$2,141","$2,065","$2,002","$6,050","$5,974","$5,911","$2,475","$2,399","$2,336","$3,818","$3,742","$3,679"
3,"$2,676","$2,600","$2,537","$7,562","$7,486","$7,423","$3,197","$3,121","$3,058","$5,265","$5,189","$5,126"
4,"$3,212","$3,136","$3,073","$9,074","$8,998","$8,935","$3,816","$3,740","$3,677","$6,638","$6,562","$6,499"
5,"$3,747","$3,671","$3,608","$10,587","$10,511","$10,448","$4,434","$4,358","$4,295","$8,010","$7,934","$7,871"
6,"$4,282","$4,206","$4,143","$12,099","$12,023","$11,960","$5,053","$4,977","$4,914","$9,383","$9,307","$9,244"
7,"$4,817","$4,741","$4,678","$13,612","$13,536","$13,473","$6,084","$6,008","$5,945","$11,343","$11,267","$11,204"
8,"$5,353","$5,277","$5,214","$15,124","$15,048","$14,985","$6,703","$6,627","$6,564","$12,700","$12,624","$12,561"
9,"$5,888","$5,812","$5,749","$16,636","$16,560","$16,497","$6,961","$6,885","$6,822","$13,876","$13,800","$13,737"
10,"$5,888","$5,812","$5,749","$16,636","$16,560","$16,497","$7,477","$7,401","$7,338","$15,232","$15,156","$15,093"
11,"$5,888","$5,812","$5,749","$16,636","$16,560","$16,497","$7,992","$7,916","$7,853","$16,451","$16,375","$16,312"
12,"$6,744","$6,668","$6,605","$19,056","$18,980","$18,917","$8,335","$8,259","$8,196","$17,578","$17,502","$17,439"
13,"$6,744","$6,668","$6,605","$19,056","$18,980","$18,917","$8,335","$8,259","$8,196","$17,578","$17,502","$17,439"
14,"$6,744","$6,668","$6,605","$19,056","$18,980","$18,917","$8,335","$8,259","$8,196","$17,578","$17,502","$17,439"
15,"$6,744","$6,668","$6,605","$19,056","$18,980","$18,917","$8,335","$8,259","$8,196","$17,578","$17,502","$17,439"

Supplemental Designated Tuition Fees
School,Courses,Fee
"School of Arts, Technology, and Emerging Communication",All ATCM Undergraduate,$40.00 per credit hour
All ATCM Graduate,$50.00 per credit hour
School of Behavioral and Brain Sciences,"Graduate Speech Language/Audiology (COMD, AUD)",$50.00 per credit hour
"School of Economic, Political and Policy Sciences",Graduate Public Affairs (PA),$50.00 per credit hour
Erik Jonsson School of Engineering and Computer Science,All ECS Undergraduate,$50.00 per credit hour
All ECS Graduate,$75.00 per credit hour
Naveen Jindal School of Management,All MGT Undergraduate,$50.00 per credit hour
All MGT Graduate,$100.00 per credit hour

Tuition
,Resident / Undergraduate,Non-Resident / Undergraduate,Resident / Graduate,Non-Resident / Graduate
Credit Hours,Fall / Spring / 11-Week Summer,8-Week Summer Only,5-Week Summer Only,Fall / Spring / 11-Week Summer,8-Week Summer Only,5-Week Summer Only,Fall / Spring / 11-Week Summer,8-Week Summer Only,5-Week Summer Only,Fall / Spring / 11-Week Summer,8-Week Summer Only,5-Week Summer Only
1,"$1,413","$1,337","$1,274","$2,267","$2,191","$2,127","$1,453","$1,377","$1,313","$2,205","$2,129","$2,066"
2,"$1,861","$1,785","$1,722","$3,595","$3,519","$3,455","$2,227","$2,151","$2,088","$3,523","$3,447","$3,384"
3,"$2,297","$2,221","$2,158","$4,757","$4,681","$4,618","$2,871","$2,795","$2,732","$4,823","$4,747","$4,684"
4,"$2,745","$2,669","$2,606","$5,921","$5,845","$5,782","$3,471","$3,395","$3,332","$6,048","$5,972","$5,909"
5,"$3,103","$3,027","$2,963","$7,084",$7008,"$6,944","$4,026","$3,950","$3,887","$7,274","$7,198","$7,134"
6,"$3,460","$3,384","$3,321","$8,247","$8,171","$8,108","$4,584","$4,508","$4,445","$8,499","$8,423","$8,360"
7,"$3,842","$3,766","$3,703","$9,411","$9,335","$9,272","$5,495","$5,419","$5,356","$10,312","$10,236","$10,172"
8,"$4,213","$4,137","$4,073","$10,573","$10,497","$10,433","$6,046","$5,970","$5,906","$11,522","$11,446","$11,382"
9,"$4,576","$4,500","$4,437","$11,736","$11,660","$11,597","$6,458","$6,382","$6,319","$12,680","$12,604","$12,541"
10,"$4,977","$4,901","$4,837","$12,817","$12,741","$12,678","$6,870","$6,794","$6,731","$13,759","$13,683","$13,620"
11,"$5,412","$5,336","$5,273","$13,900","$13,824","$13,760","$7,283","$7,207","$7,144","$14,830","$14,754","$14,691"
12,"$5,764","$5,688","$5,625","$14,900","$14,824","$14,761","$7,604","$7,528","$7,464","$15,811","$15,735","$15,672"
13,"$6,061","$5,985","$5,922","$15,858","$15,782","$15,719","$7,832","$7,756","$7,692","$16,476","$16,400","$16,337"
14,"$6,159","$6,083","$6,020","$16,704","$16,628","$16,565","$8,061","$7,985","$7,922","$17,091","$17,015","$16,951"
15,"$6,264","$6,188","$6,125","$17,412","$17,336","$17,273","$8,244","$8,168","$8,105","$17,706","$17,630","$17,566"

Supplemental Designated Tuition Fees
School,Courses,Fee
"School of Arts, Technology, and Emerging Communication",ATCM,$40.00 per credit hour
School of Behavioral and Brain Sciences,"Graduate Speech Language/Audiology (COMD, AUD)",$40.00 per credit hour
"School of Economic, Political and Policy Sciences",Graduate Public Affairs (PA),$40.00 per credit hour
Erik Jonsson School of Engineering and Computer Science,All ECS,$40.00 per credit hour
Naveen Jindal School of Management,All MGT undergraduate,$40.00 per credit hour
All MGT graduate,$80.00 per credit hour

Tuition
,Resident / Undergraduate,Non-Resident / Undergraduate,Resident / Graduate,Non-Resident / Graduate
Credit Hours,Fall / Spring / 11-Week Summer,8-Week Summer Only,5-Week Summer Only,Fall / Spring / 11-Week Summer,8-Week Summer Only,5-Week Summer Only,Fall / Spring / 11-Week Summer,8-Week Summer Only,5-Week Summer Only,Fall / Spring / 11-Week Summer,8-Week Summer Only,5-Week Summer Only
1,"$1,413","$1,337","$1,274","$2,261","$2,185","$2,122","$1,453","$1,377","$1,313","$2,199","$2,123","$2,060"
2,"$1,861","$1,785","$1,722","$3,583","$3,507","$3,444","$2,227","$2,151","$2,088","$3,511","$3,435","$3,372"
3,"$2,297","$2,221","$2,158","$4,739","$4,663","$4,600","$2,871","$2,795","$2,732","$4,805","$4,729","$4,666"
4,"$2,745","$2,669","$2,606","$5,897","$5,821","$5,758","$3,471","$3,395","$3,332","$6,024","$5,948","$5,885"
5,"$3,103","$3,027","$2,963","$7,054","$6,978","$6,915","$4,026","$3,950","$3,887","$7,244","$7,168","$7,105"
6,"$3,460","$3,384","$3,321","$8,211","$8,135","$8,072","$4,584","$4,508","$4,445","$8,463","$8,387","$8,324"
7,"$3,842","$3,766","$3,703","$9,369","$9,293","$9,230","$5,495","$5,419","$5,356","$10,270","$10,194","$10,131"
8,"$4,213","$4,137","$4,073","$10,525","$10,449","$10,386","$6,046","$5,970","$5,906","$11,474","$11,398","$11,335"
9,"$4,576","$4,500","$4,437","$11,682","$11,606","$11,543","$6,458","$6,382","$6,319","$12,626","$12,550","$12,487"
10,"$4,977","$4,901","$4,837","$12,757","$12,681","$12,618","$6,870","$6,794","$6,731","$13,699","$13,623","$13,560"
11,"$5,412","$5,336","$5,273","$13,834","$13,758","$13,695","$7,283","$7,207","$7,144","$14,764","$14,688","$14,625"
12,"$5,764","$5,688","$5,625","$14,828","$14,752","$14,689","$7,604","$7,528","$7,464","$15,739","$15,663","$15,600"
13,"$6,061","$5,985","$5,922","$15,780","$15,704","$15,641","$7,832","$7,756","$7,692","$16,398","$16,322","$16,259"
14,"$6,159","$6,083","$6,020","$16,620","$16,544","$16,481","$8,061","$7,985","$7,922","$17,007","$16,931","$16,868"
15,"$6,264","$6,188","$6,125","$17,322","$17,246","$17,183","$8,244","$8,168","$8,105","$17,616","$17,540","$17,477"

Supplemental Designated Tuition Fees
School,Courses,Fee
"School of Arts, Technology, and Emerging Communication",ATCM,$40.00 per credit hour
School of Behavioral and Brain Sciences,"Graduate Speech Language/Audiology (COMD, AUD)",$40.00 per credit hour
"School of Economic, Political and Policy Sciences",Graduate Public Affairs (PA),$40.00 per credit hour
Erik Jonsson School of Engineering and Computer Science,All ECS,$40.00 per credit hour
Naveen Jindal School of Management,All MGT undergraduate,$40.00 per credit hour
All MGT graduate,$80.00 per credit hour

Tuition
,Resident / Undergraduate,Non-Resident / Undergraduate,Resident / Graduate,Non-Resident / Graduate
Credit Hours,Fall / Spring / 11-Week Summer,8-Week Summer Only,5-Week Summer Only,Fall / Spring / 11-Week Summer,8-Week Summer Only,5-Week Summer Only,Fall / Spring / 11-Week Summer,8-Week Summer Only,5-Week Summer Only,Fall / Spring / 11-Week Summer,8-Week Summer Only,5-Week Summer Only
1,"$1,372","$1,285","$1,235","$2,196","$2,109","$2,059","$1,397","$1,310","$1,260","$2,103","$2,016","$1,966"
2,"$1,807","$1,720","$1,670","$3,480","$3,393","$3,343","$2,141","$2,054","$2,004","$3,358","$3,271","$3,221"
3,"$2,230","$2,143","$2,093","$4,604","$4,517","$4,467","$2,760","$2,673","$2,623","$4,595","$4,508","$4,458"
4,"$2,665","$2,578","$2,528","$5,729","$5,642","$5,592","$3,337","$3,250","$3,200","$5,761","$5,674","$5,624"
5,"$3,012","$2,925","$2,875","$6,852","$6,765","$6,715","$3,871","$3,784","$3,734","$6,927","$6,840","$6,790"
6,"$3,359","$3,272","$3,222","$7,977","$7,890","$7,840","$4,408","$4,321","$4,271","$8,094","$8,007","$7,957"
7,"$3,730","$3,643","$3,593","$9,101","$9,014","$8,964","$5,283","$5,196","$5,146","$9,821","$9,734","$9,684"
8,"$4,090","$4,003","$3,953","$10,224","$10,137","$10,087","$5,813","$5,726","$5,676","$10,973","$10,886","$10,836"
9,"$4,442","$4,355","$4,305","$11,349","$11,262","$11,212","$6,209","$6,122","$6,072","$12,075","$11,988","$11,938"
10,"$4,831","$4,744","$4,694","$12,393","$12,306","$12,256","$6,605","$6,518","$6,468","$13,101","$13,014","$12,964"
11,"$5,254","$5,167","$5,117","$13,438","$13,351","$13,301","$7,003","$6,916","$6,866","$14,120","$14,033","$13,983"
12,"$5,596","$5,509","$5,459","$14,404","$14,317","$14,267","$7,310","$7,223","$7,173","$15,052","$14,965","$14,915"
13,"$5,884","$5,797","$5,747","$15,329","$15,242","$15,192","$7,530","$7,443","$7,393","$15,682","$15,595","$15,545"
14,"$5,979","$5,892","$5,842","$16,145","$16,058","$16,008","$7,750","$7,663","$7,613","$16,264","$16,177","$16,127"
15,"$6,081","$5,994","$5,944","$16,827","$16,740","$16,690","$7,926","$7,839","$7,789","$16,847","$16,760","$16,710"

Supplemental Designated Tuition Fees
School,Courses,Fee
"School of Arts, Technology, and Emerging Communication",ATCM,$40.00 per credit hour
School of Behavioral and Brain Sciences,"Graduate Speech Language/Audiology (COMD, AUD)",$40.00 per credit hour
"School of Economic, Political and Policy Sciences",Graduate Public Affairs (PA),$40.00 per credit hour
Erik Jonsson School of Engineering and Computer Science,All ECS,$40.00 per credit hour
Naveen Jindal School of Management,All MGT undergraduate,$40.00 per credit hour
All MGT graduate,$80.00 per credit hour

Tuition
,Resident / Undergraduate,Non-Resident / Undergraduate,Resident / Graduate,Non-Resident / Graduate
Credit Hours,Fall / Spring / 11-Week Summer,8-Week Summer Only,5-Week Summer Only,Fall / Spring / 11-Week Summer,8-Week Summer Only,5-Week Summer Only,Fall / Spring / 11-Week Summer,8-Week Summer Only,5-Week Summer Only,Fall / Spring / 11-Week Summer,8-Week Summer Only,5-Week Summer Only
1,"$1,332","$1,245","$1,195","$2,116","$2,029","$1,979","$1,343","$1,256","$1,206","$1,994","$1,907","$1,857"
2,"$1,754","$1,667","$1,617","$3,346","$3,259","$3,209","$2,059","$1,972","$1,922","$3,177","$3,090","$3,040"
3,"$2,165","$2,078","$2,028","$4,420","$4,333","$4,283","$2,654","$2,567","$2,517","$4,343","$4,256","$4,206"
4,"$2,587","$2,500","$2,450","$5,495","$5,408","$5,358","$3,209","$3,122","$3,072","$5,441","$5,354","$5,304"
5,"$2,924","$2,837","$2,787","$6,569","$6,482","$6,432","$3,722","$3,635","$3,585","$6,539","$6,452","$6,402"
6,"$3,261","$3,174","$3,124","$7,644","$7,557","$7,507","$4,238","$4,151","$4,101","$7,637","$7,550","$7,500"
7,"$3,621","$3,534","$3,484","$8,719","$8,632","$8,582","$5,080","$4,993","$4,943","$9,272","$9,185","$9,135"
8,"$3,970","$3,883","$3,833","$9,792","$9,705","$9,655","$5,589","$5,502","$5,451","$10,356","$10,269","$10,219"
9,"$4,312","$4,225","$4,175","$10,867","$10,780","$10,730","$5,970","$5,883","$5,833","$11,393","$11,306","$11,256"
10,"$4,690","$4,603","$4,553","$11,864","$11,777","$11,727","$6,351","$6,264","$6,214","$12,357","$12,270","$12,220"
11,"$5,100","$5,013","$4,963","$12,862","$12,775","$12,725","$6,733","$6,646","$6,595","$13,314","$13,227","$13,177"
12,"$5,432","$5,345","$5,295","$13,783","$13,696","$13,646","$7,029","$6,942","$6,891","$14,188","$14,101","$14,051"
13,"$5,712","$5,625","$5,575","$14,664","$14,577","$14,527","$7,240","$7,154","$7,103","$14,774","$14,687","$14,637"
14,"$5,804","$5,717","$5,667","$15,439","$15,352","$15,302","$7,452","$7,365","$7,315","$15,313","$15,226","$15,176"
15,"$5,903","$5,816","$5,766","$16,084","$15,997","$15,947","$7,621","$7,534","$7,484","$15,853","$15,766","$15,716"

Supplemental Designated Tuition Fees
School,Courses,Fee
"School of Arts, Technology, and Emerging Communication",ATCM,$40.00 per credit hour
School of Behavioral and Brain Sciences,"Graduate Speech Language/Audiology (COMD, AUD)",$40.00 per credit hour
"School of Economic, Political and Policy Sciences",Graduate Public Affairs (PA),$40.00 per credit hour
Erik Jonsson School of Engineering and Computer Science,All ECS,$40.00 per credit hour
Naveen Jindal School of Management,All MGT undergraduate,$40.00 per credit hour
All MGT graduate,$80.00 per credit hour

Tuition
,Resident / Undergraduate,Non-Resident / Undergraduate,Resident / Graduate,Non-Resident / Graduate
Credit Hours,Fall / Spring / 11-Week Summer,8-Week Summer Only,5-Week Summer Only,Fall / Spring / 11-Week Summer,8-Week Summer Only,5-Week Summer Only,Fall / Spring / 11-Week Summer,8-Week Summer Only,5-Week Summer Only,Fall / Spring / 11-Week Summer,8-Week Summer Only,5-Week Summer Only
1,"$1,332","$1,245","$1,195","$2,088","$2,001","$1,951","$1,343","$1,256","$1,206","$1,966","$1,879","$1,829"
2,"$1,754","$1,667","$1,617","$3,290","$3,203","$3,153","$2,059","$1,972","$1,922","$3,121","$3,034","$2,984"
3,"$2,165","$2,078","$2,028","$4,336","$4,249","$4,199","$2,654","$2,567","$2,517","$4,259","$4,172","$4,122"
4,"$2,587","$2,500","$2,450","$5,383","$5,296","$5,246","$3,209","$3,122","$3,072","$5,329","$5,242","$5,192"
5,"$2,924","$2,837","$2,787","$6,429","$6,342","$6,292","$3,722","$3,635","$3,585","$6,399","$6,312","$6,262"
6,"$3,261","$3,174","$3,124","$7,476","$7,389","$7,339","$4,238","$4,151","$4,101","$7,469","$7,382","$7,332"
7,"$3,621","$3,534","$3,484","$8,523","$8,436","$8,386","$5,080","$4,993","$4,943","$9,076","$8,989","$8,939"
8,"$3,970","$3,883","$3,833","$9,568","$9,481","$9,431","$5,589","$5,502","$5,451","$10,132","$10,045","$9,995"
9,"$4,312","$4,225","$4,175","$10,615","$10,528","$10,478","$5,970","$5,884","$5,833","$11,141","$11,054","$11,004"
10,"$4,690","$4,603","$4,553","$11,584","$11,497","$11,447","$6,351","$6,264","$6,214","$12,077","$11,990","$11,940"
11,"$5,100","$5,013","$4,963","$12,554","$12,467","$12,417","$6,733","$6,646","$6,595","$13,006","$12,919","$12,869"
12,"$5,432","$5,345","$5,295","$13,447","$13,360","$13,310","$7,029","$6,942","$6,891","$13,852","$13,765","$13,715"
13,"$5,712","$5,625","$5,575","$14,300","$14,213","$14,163","$7,240","$7,154","$7,103","$14,410","$14,323","$14,273"
14,"$5,804","$5,717","$5,667","$15,047","$14,960","$14,910","$7,452","$7,365","$7,315","$14,921","$14,834","$14,784"
15,"$5,903","$5,816","$5,766","$15,664","$15,577","$15,527","$7,621","$7,534","$7,484","$15,433","$15,346","$15,296"

Supplemental Designated Tuition Fees
School,Courses,Fee
"School of Arts, Technology, and Emerging Communication",ATCM,$40.00 per credit hour
School of Behavioral and Brain Sciences,"Graduate Speech Language/Audiology (COMD, AUD)",$40.00 per credit hour
"School of Economic, Political and Policy Sciences",Graduate Public Affairs (PA),$40.00 per credit hour
Erik Jonsson School of Engineering and Computer Science,All ECS,$40.00 per credit hour
Naveen Jindal School of Management,All MGT undergraduate,$40.00 per credit hour
All MGT graduate,$80.00 per credit hour

Tuition
,Resident / Undergraduate,Non-Resident / Undergraduate,Resident / Graduate,Non-Resident / Graduate
Credit Hours,Fall / Spring / 11-Week Summer,8-Week Summer Only,5-Week Summer Only,Fall / Spring / 11-Week Summer,8-Week Summer Only,5-Week Summer Only,Fall / Spring / 11-Week Summer,8-Week Summer Only,5-Week Summer Only,Fall / Spring / 11-Week Summer,8-Week Summer Only,5-Week Summer Only
1,"$1,332","$1,245","$1,195","$2,025","$1,938","$1,888","$1,343","$1,256","$1,206","$1,918","$1,831","$1,781"
2,"$1,754","$1,667","$1,617","$3,183","$3,096","$3,046","$2,059","$1,972","$1,922","$3,036","$2,949","$2,899"
3,"$2,165","$2,078","$2,028","$4,195","$4,108","$4,058","$2,654","$2,567","$2,517","$4,138","$4,051","$4,001"
4,"$2,587","$2,500","$2,450","$5,208","$5,121","$5,071","$3,209","$3,122","$3,072","$5,177","$5,090","$5,040"
5,"$2,924","$2,837","$2,787","$6,220","$6,133","$6,083","$3,722","$3,635","$3,585","$6,215","$6,128","$6,078"
6,"$3,261","$3,174","$3,124","$7,233","$7,146","$7,096","$4,238","$4,151","$4,101","$7,253","$7,166","$7,116"
7,"$3,621","$3,534","$3,484","$8,246","$8,159","$8,109","$5,080","$4,993","$4,943","$8,797","$8,710","$8,660"
8,"$3,970","$3,883","$3,833","$9,257","$9,170","$9,120","$5,589","$5,502","$5,452","$9,822","$9,735","$9,685"
9,"$4,312","$4,225","$4,175","$10,270","$10,183","$10,133","$5,970","$5,883","$5,883","$10,803","$10,716","$10,666"
10,"$4,690","$4,603","$4,553","$11,210","$11,123","$11,073","$6,351","$6,264","$6,214","$11,715","$11,628","$11,578"
11,"$5,100","$5,013","$4,963","$12,151","$12,064","$12,014","$6,733","$6,646","$6,596","$12,621","$12,534","$12,484"
12,"$5,432","$5,345","$5,295","$13,019","$12,932","$12,882","$7,029","$6,942","$6,892","$13,449","$13,362","$13,312"
13,"$5,712","$5,625","$5,575","$13,850","$13,763","$13,713","$7,240","$7,153","$7,103","$14,005","$13,918","$13,868"
14,"$5,804","$5,717","$5,667","$14,580","$14,493","$14,443","$7,452","$7,365","$7,355","$14,517","$14,430","$14,380"
15+,"$5,903","$5,816","$5,766","$15,189","$15,102","$15,052","$7,621","$7,534","$7,524","$15,029","$14,942","$14,892"

Supplemental Designated Tuition Fees
School,Courses,Fee
"School of Arts, Technology, and Emerging Communication",ATCM,$40.00 per credit hour
School of Behavioral and Brain Sciences,"Graduate Speech Language/Audiology (COMD, AUD)",$40.00 per credit hour
"School of Economic, Political and Policy Sciences",Graduate Public Affairs (PA),$40.00 per credit hour
Erik Jonsson School of Engineering and Computer Science,All ECS,$40.00 per credit hour
Naveen Jindal School of Management,All MGT undergraduate,$40.00 per credit hour
All MGT graduate,$80.00 per credit hour

Tuition
,Resident / Undergraduate,Non-Resident / Undergraduate,Resident / Graduate,Non-Resident / Graduate
Credit Hours,Fall / Spring / 11-Week Summer,8-Week Summer Only,5-Week Summer Only,Fall / Spring / 11-Week Summer,8-Week Summer Only,5-Week Summer Only,Fall / Spring / 11-Week Summer,8-Week Summer Only,5-Week Summer Only,Fall / Spring / 11-Week Summer,8-Week Summer Only,5-Week Summer Only
1,"$1,295","$1,208","$1,158","$1,951","$1,864","$1,814","$1,343","$1,256","$1,206","$1,918","$1,831","$1,781"
2,"$1,706","$1,619","$1,569","$3,066","$2,979","$2,929","$2,059","$1,972","$1,922","$3,036","$2,949","$2,899"
3,"$2,106","$2,019","$1,969","$4,041","$3,954","$3,904","$2,654","$2,567","$2,517","$4,138","$4,051","$4,001"
4,"$2,516","$2,429","$2,379","$5,017","$4,930","$4,880","$3,209","$3,122","$3,072","$5,177","$5,090","$5,040"
5,"$2,844","$2,757","$2,707","$5,992","$5,905","$5,855","$3,722","$3,635","$3,585","$6,215","$6,128","$6,078"
6,"$3,172","$3,085","$3,035","$6,968","$6,881","$6,831","$4,238","$4,151","$4,101","$7,253","$7,166","$7,116"
7,"$3,522","$3,435","$3,385","$7,944","$7,857","$7,807","$5,080","$4,993","$4,943","$8,797","$8,710","$8,660"
8,"$3,861","$3,774","$3,724","$8,918","$8,831","$8,781","$5,589","$5,502","$5,452","$9,822","$9,735","$9,685"
9,"$4,194","$4,107","$4,057","$9,894","$9,807","$9,757","$5,970","$5,883","$5,833","$10,803","$10,716","$10,666"
10,"$4,561","$4,474","$4,424","$10,800","$10,713","$10,663","$6,351","$6,264","$6,214","$11,715","$11,628","$11,578"
11,"$4,960","$4,873","$4,823","$11,706","$11,619","$11,569","$6,733","$6,646","$6,596","$12,621","$12,534","$12,484"
12,"$5,283","$5,196","$5,146","$12,542","$12,455","$12,405","$7,029","$6,942","$6,892","$13,449","$13,362","$13,312"
13,"$5,555","$5,468","$5,418","$13,343","$13,256","$13,206","$7,240","$7,153","$7,103","$14,005","$13,918","$13,868"
14,"$5,645","$5,558","$5,508","$14,046","$13,959","$13,909","$7,452","$7,365","$7,355","$14,517","$14,430","$14,380"
15+,"$5,741","$5,654","$5,604","$14,633","$14,546","$14,496","$7,621","$7,534","$7,524","$15,029","$14,942","$14,892"

Supplemental Designated Tuition Fees
School,Courses,Fee
"School of Arts, Technology, and Emerging Communication",ATCM,$40.00 per credit hour
School of Behavioral and Brain Sciences,"Graduate Speech Language/Audiology (COMD, AUD)",$40.00 per credit hour
"School of Economic, Political and Policy Sciences",Graduate Public Affairs (PA),$40.00 per credit hour
Erik Jonsson School of Engineering and Computer Science,All ECS,$40.00 per credit hour
Naveen Jindal School of Management,All MGT undergraduate,$40.00 per credit hour
All MGT graduate,$80.00 per credit hour

Tuition
,Resident / Undergraduate,Non-Resident / Undergraduate,Resident / Graduate,Non-Resident / Graduate
Credit Hours,Fall / Spring / 11-Week Summer,8-Week Summer Only,5-Week Summer Only,Fall / Spring / 11-Week Summer,8-Week Summer Only,5-Week Summer Only,Fall / Spring / 11-Week Summer,8-Week Summer Only,5-Week Summer Only,Fall / Spring / 11-Week Summer,8-Week Summer Only,5-Week Summer Only
1,"$1,259","$1,172","$1,122","$1,880","$1,793","$1,743","$1,343","$1,256","$1,206","$1,918","$1,831","$1,781"
2,"$1,659","$1,572","$1,522","$2,954","$2,867","$2,817","$2,059","$1,972","$1,922","$3,036","$2,949","$2,899"
3,"$2,048","$1,961","$1,911","$3,893","$3,806","$3,756","$2,654","$2,567","$2,517","$4,138","$4,051","$4,001"
4,"$2,447","$2,360","$2,310","$4,833","$4,746","$4,696","$3,209","$3,122","$3,072","$5,177","$5,090","$5,040"
5,"$2,766","$2,679","$2,629","$5,773","$5,686","$5,636","$3,722","$3,635","$3,585","$6,215","$6,128","$6,078"
6,"$3,085","$2,998","$2,948","$6,713","$6,626","$6,576","$4,238","$4,151","$4,101","$7,253","$7,166","$7,116"
7,"$3,425","$3,338","$3,288","$7,653","$7,566","$7,516","$4,752","$4,665","$4,615","$8,229","$8,142","$8,092"
8,"$3,755","$3,668","$3,618","$8,592","$8,505","$8,455","$5,228","$5,141","$5,091","$9,188","$9,101","$9,051"
9,"$4,079","$3,992","$3,942","$9,532","$9,445","$9,395","$5,585","$5,498","$5,448","$10,106","$10,019","$9,969"
10,"$4,436","$4,349","$4,299","$10,405","$10,318","$10,268","$5,941","$5,854","$5,804","$10,959","$10,872","$10,822"
11,"$4,824","$4,737","$4,687","$11,277","$11,190","$11,140","$6,298","$6,211","$6,161","$11,806","$11,719","$11,669"
12,"$5,138","$5,051","$5,001","$12,083","$11,996","$11,946","$6,575","$6,488","$6,438","$12,581","$12,494","$12,444"
13,"$5,403","$5,316","$5,266","$12,855","$12,768","$12,718","$6,773","$6,686","$6,636","$13,101","$13,014","$12,964"
14,"$5,490","$5,403","$5,353","$13,532","$13,445","$13,395","$6,971","$6,884","$6,834","$13,580","$13,493","$13,443"
15+,"$5,584","$5,497","$5,447","$14,097","$14,010","$13,960","$7,129","$7,042","$6,992","$14,059","$13,972","$13,922"

Supplemental Designated Tuition Fees
School,Courses,Fee
"School of Arts, Technology, and Emerging Communication",ATEC and EMAC,$40.00 per credit hour
School of Behavioral and Brain Sciences,"Graduate Speech Language/Audiology (COMD, AUD)",$40.00 per credit hour
"School of Economic, Political and Policy Sciences",Graduate Public Affairs (PA),$40.00 per credit hour
Erik Jonsson School of Engineering and Computer Science,All ECS,$40.00 per credit hour
Naveen Jindal School of Management,All MGT undergraduate,$40.00 per credit hour
All MGT graduate,$80.00 per credit hour

Supplemental Designated Tuition Fees
Credit Hours,"Undergraduate Resident
Fall 2012 only"
1,"$1,307"
2,"$1,722"
3,"$2,126"
4,"$2,540"
5,"$2,871"
6,"$3,202"
7,"$3,555"
8,"$3,898"
9,"$4,234"
10,"$4,605"
11,"$5,007"
12,"$5,333"
13,"$5,608"
14,"$5,699"
15+,"$5,796"

Supplemental Designated Tuition Fees
School,Fee
School of Arts and Humanities
ATEC courses,$50.00 per credit hour
School of Behavioral and Brain Sciences
"Graduate Speech Language/Audiology (COMD, AUD) courses",$50.00 per credit hour
"School of Economic, Political and Policy Sciences"
Graduate Public Affairs (PA) courses,$50.00 per credit hour
Erik Jonsson School of Engineering and Computer Science
ECS courses,$50.00 per credit hour
Naveen Jindal School of Management
MGT undergraduate courses,$50.00 per credit hour
MGT graduate courses,$100.00 per credit hour

Tuition
,Resident / Undergraduate,Non-Resident / Undergraduate,Resident / Graduate,Non-Resident / Graduate
Credit Hours,Fall / Spring / 11-Week Summer,8-Week Summer Only,5-Week Summer Only,Fall / Spring / 11-Week Summer,8-Week Summer Only,5-Week Summer Only,Fall / Spring / 11-Week Summer,8-Week Summer Only,5-Week Summer Only,Fall / Spring / 11-Week Summer,8-Week Summer Only,5-Week Summer Only
1,"$1,211","$1,124","$1,074","$1,724","$1,638","$1,587","$1,232","$1,145","$1,094","$1,759","$1,673","$1,622"
2,"$1,596","$1,509","$1,459","$2,710","$2,623","$2,572","$1,889","$1,802","$1,752","$2,785","$2,698","$2,648"
3,"$1,970","$1,883","$1,833","$3,572","$3,485","$3,435","$2,435","$2,348","$2,298","$3,796","$3,710","$3,659"
4,"$2,354","$2,267","$2,217","$4,434","$4,347","$4,297","$2,944","$2,857","$2,807","$4,749","$4,662","$4,612"
5,"$2,661","$2,574","$2,524","$5,296","$5,210","$5,159","$3,415","$3,328","$3,278","$5,702","$5,615","$5,564"
6,"$2,968","$2,881","$2,831","$6,159","$6,072","$6,021","$3,888","$3,801","$3,751","$6,654","$6,568","$6,517"
7,"$3,295","$3,208","$3,158","$7,021","$6,934","$6,883","$4,360","$4,273","$4,223","$7,549","$7,463","$7,412"
8,"$3,612","$3,525","$3,475","$7,883","$7,796","$7,746","$4,796","$4,709","$4,659","$8,429","$8,342","$8,292"
9,"$3,924","$3,837","$3,787","$8,745","$8,658","$8,608","$5,124","$5,037","$4,987","$9,272","$9,185","$9,134"
10,"$4,267","$4,180","$4,130","$9,546","$9,459","$9,409","$5,450","$5,363","$5,313","$10,054","$9,967","$9,917"
11,"$4,641","$4,554","$4,504","$10,346","$10,260","$10,209","$5,778","$5,691","$5,641","$10,831","$10,745","$10,694"
12,"$4,943","$4,856","$4,806","$11,085","$10,999","$10,948","$6,032","$5,945","$5,895","$11,542","$11,455","$11,405"
13,"$5,198","$5,111","$5,061","$11,794","$11,707","$11,656","$6,214","$6,127","$6,077","$12,019","$11,933","$11,882"
14,"$5,281","$5,194","$5,144","$12,415","$12,328","$12,278","$6,395","$6,308","$6,258","$12,459","$12,372","$12,321"
15+,"$5,372","$5,285","$5,234","$12,933","$12,846","$12,796","$6,540","$6,453","$6,403","$12,898","$12,811","$12,761"

Supplemental Designated Tuition Fees
School,Courses,Fee
"School of Arts, Technology, and Emerging Communication",ATEC and EMAC,$40.00 per credit hour
School of Behavioral and Brain Sciences,"Graduate Speech Language/Audiology (COMD, AUD)",$40.00 per credit hour
"School of Economic, Political and Policy Sciences",Graduate Public Affairs (PA),$40.00 per credit hour
Erik Jonsson School of Engineering and Computer Science,All ECS,$40.00 per credit hour
Naveen Jindal School of Management,All MGT undergraduate,$40.00 per credit hour
All MGT graduate,$80.00 per credit hour

Tuition
,Resident / Undergraduate,Non-Resident / Undergraduate,Resident / Graduate,Non-Resident / Graduate
Credit Hours,Fall / Spring / 11-Week Summer,8-Week Summer Only,5-Week Summer Only,Fall / Spring / 11-Week Summer,8-Week Summer Only,5-Week Summer Only,Fall / Spring / 11-Week Summer,8-Week Summer Only,5-Week Summer Only,Fall / Spring / 11-Week Summer,8-Week Summer Only,5-Week Summer Only
1,"$1,165","$1,078","$1,038","$1,582","$1,495","$1,455","$1,130","$1,043","$1,003","$1,614","$1,527","$1,487"
2,"$1,535","$1,448","$1,408","$2,486","$2,399","$2,359","$1,733","$1,646","$1,606","$2,555","$2,468","$2,428"
3,"$1,895","$1,808","$1,768","$3,277","$3,190","$3,150","$2,234","$2,147","$2,107","$3,483","$3,396","$3,356"
4,"$2,265","$2,178","$2,138","$4,068","$3,981","$3,941","$2,701","$2,614","$2,574","$4,357","$4,270","$4,230"
5,"$2,560","$2,473","$2,433","$4,859","$4,772","$4,732","$3,133","$3,046","$3,006","$5,231","$5,144","$5,104"
6,"$2,855","$2,768","$2,728","$5,650","$5,563","$5,523","$3,567","$3,480","$3,440","$6,105","$6,018","$5,978"
7,"$3,170","$3,083","$3,043","$6,441","$6,354","$6,314","$4,000","$3,913","$3,873","$6,926","$6,839","$6,799"
8,"$3,475","$3,388","$3,348","$7,232","$7,145","$7,105","$4,400","$4,313","$4,273","$7,733","$7,646","$7,606"
9,"$3,775","$3,688","$3,648","$8,023","$7,936","$7,896","$4,701","$4,614","$4,574","$8,506","$8,419","$8,379"
10,"$4,105","$4,018","$3,978","$8,758","$8,671","$8,631","$5,000","$4,913","$4,873","$9,224","$9,137","$9,097"
11,"$4,465","$4,378","$4,338","$9,492","$9,405","$9,365","$5,301","$5,214","$5,174","$9,937","$9,850","$9,810"
12,"$4,755","$4,668","$4,628","$10,170","$10,083","$10,043","$5,534","$5,447","$5,407","$10,589","$10,502","$10,462"
13,"$5,000","$4,913","$4,873","$10,820","$10,733","$10,693","$5,701","$5,614","$5,574","$11,027","$10,940","$10,900"
14,"$5,080","$4,993","$4,953","$11,390","$11,303","$11,263","$5,867","$5,780","$5,740","$11,430","$11,343","$11,303"
15+,"$5,170","$5,083","$5,043","$11,865","$11,778","$11,738","$6,000","$5,913","$5,873","$11,833","$11,746","$11,706"

Supplemental Designated Tuition Fees
School,Courses,Fee
School of Arts and Humanities,ATEC,$40.00 per credit hour
School of Behavioral and Brain Sciences,"Graduate Speech Language/Audiology (COMD, AUD)",$40.00 per credit hour
"School of Economic, Political and Policy Sciences",Graduate Public Affairs (PA),$40.00 per credit hour
Erik Jonsson School of Engineering and Computer Science,All ECS,$40.00 per credit hour
Naveen Jindal School of Management,All MGT undergraduate,$40.00 per credit hour
All MGT graduate,$60.00 per credit hour

Tuition
,Resident / Undergraduate,Non-Resident / Undergraduate,Resident / Graduate,Non-Resident / Graduate
Credit Hours,Fall / Spring / 11-Week Summer,8-Week Summer Only,5-Week Summer Only,Fall / Spring / 11-Week Summer,8-Week Summer Only,5-Week Summer Only,Fall / Spring / 11-Week Summer,8-Week Summer Only,5-Week Summer Only,Fall / Spring / 11-Week Summer,8-Week Summer Only,5-Week Summer Only
1,"$1,110","$1,023",$983,"$1,400","$1,313","$1,273","$1,000",$913,$873,"$1,428","$1,341","$1,301"
2,"$1,460","$1,373","$1,333","$2,200","$2,113","$2,073","$1,534","$1,447","$1,407","$2,261","$2,174","$2,134"
3,"$1,805","$1,718","$1,678","$2,900","$2,813","$2,773","$1,977","$1,890","$1,850","$3,082","$2,995","$2,955"
4,"$2,155","$2,068","$2,028","$3,600","$3,513","$3,473","$2,390","$2,303","$2,263","$3,856","$3,769","$3,729"
5,"$2,440","$2,353","$2,313","$4,300","$4,213","$4,173","$2,773","$2,686","$2,646","$4,629","$4,542","$4,502"
6,"$2,720","$2,633","$2,593","$5,000","$4,913","$4,873","$3,157","$3,070","$3,030","$5,403","$5,316","$5,276"
7,"$3,020","$2,933","$2,893","$5,700","$5,613","$5,573","$3,540","$3,453","$3,413","$6,129","$6,042","$6,002"
8,"$3,310","$3,223","$3,183","$6,400","$6,313","$6,273","$3,894","$3,807","$3,767","$6,843","$6,756","$6,716"
9,"$3,595","$3,508","$3,468","$7,100","$7,013","$6,973","$4,160","$4,073","$4,033","$7,527","$7,440","$7,400"
10,"$3,910","$3,823","$3,783","$7,750","$7,663","$7,623","$4,425","$4,338","$4,298","$8,163","$8,076","$8,036"
11,"$4,250","$4,163","$4,123","$8,400","$8,313","$8,273","$4,691","$4,604","$4,564","$8,794","$8,707","$8,667"
12,"$4,525","$4,438","$4,398","$9,000","$8,913","$8,873","$4,897","$4,810","$4,770","$9,371","$9,284","$9,244"
13,"$4,760","$4,673","$4,633","$9,575","$9,488","$9,448","$5,045","$4,958","$4,918","$9,758","$9,671","$9,631"
14,"$4,840","$4,753","$4,713","$10,080","$9,993","$9,953","$5,192","$5,105","$5,065","$10,115","$10,028","$9,988"
15+,"$4,925","$4,838","$4,798","$10,500","$10,413","$10,373","$5,310","$5,223","$5,183","$10,472","$10,385","$10,345"

Supplemental Designated Tuition Fees
School,Courses,Fee
School of Arts and Humanities,ATEC,$40.00 per credit hour
School of Behavioral and Brain Sciences,"Graduate Speech Language/Audiology (COMD, AUD)",$40.00 per credit hour
"School of Economic, Political and Policy Sciences",Graduate Public Affairs (PA),$40.00 per credit hour
Erik Jonsson School of Engineering and Computer Science,All ECS,$40.00 per credit hour
Naveen Jindal School of Management,All MGT undergraduate,$40.00 per credit hour
All MGT graduate,$60.00 per credit hour

Tuition
,Resident / Undergraduate,Non-Resident / Undergraduate,Resident / Graduate,Non-Resident / Graduate
Credit Hours,Fall / Spring / 11-Week Summer,8-Week Summer Only,5-Week Summer Only,Fall / Spring / 11-Week Summer,8-Week Summer Only,5-Week Summer Only,Fall / Spring / 11-Week Summer,8-Week Summer Only,5-Week Summer Only,Fall / Spring / 11-Week Summer,8-Week Summer Only,5-Week Summer Only
1,$871,$828,$793,"$1,181","$1,138","$1,103",$899,$856,$821,"$1,209","$1,166","$1,131"
2,"$1,181","$1,138","$1,103","$1,801","$1,758","$1,723","$1,266","$1,223","$1,188","$1,886","$1,843","$1,808"
3,"$1,492","$1,449","$1,414","$2,422","$2,379","$2,344","$1,662","$1,619","$1,584","$2,592","$2,549","$2,514"
4,"$1,803","$1,760","$1,725","$3,043","$3,000","$2,965","$1,972","$1,929","$1,894","$3,212","$3,169","$3,134"
5,"$2,057","$2,014","$1,979","$3,607","$3,564","$3,529","$2,340","$2,297","$2,262","$3,890","$3,847","$3,812"
6,"$2,311","$2,268","$2,233","$4,171","$4,128","$4,093","$2,679","$2,636","$2,601","$4,539","$4,496","$4,461"
7,"$2,577","$2,534","$2,499","$4,747","$4,704","$4,669","$2,989","$2,946","$2,911","$5,159","$5,116","$5,081"
8,"$2,837","$2,794","$2,759","$5,317","$5,274","$5,239","$3,300","$3,257","$3,222","$5,780","$5,737","$5,702"
9,"$3,091","$3,048","$3,013","$5,881","$5,838","$5,803","$3,526","$3,483","$3,448","$6,316","$6,273","$6,238"
10,"$3,373","$3,330","$3,295","$6,473","$6,430","$6,395","$3,752","$3,709","$3,674","$6,852","$6,809","$6,774"
11,"$3,673","$3,630","$3,595","$7,083","$7,040","$7,005","$3,978","$3,935","$3,900","$7,388","$7,345","$7,310"
12,"$3,922","$3,879","$3,844","$7,642","$7,599","$7,564","$4,148","$4,105","$4,070","$7,868","$7,825","$7,790"
13,"$4,131","$4,088","$4,053","$8,161","$8,118","$8,083","$4,148","$4,105","$4,070","$8,178","$8,135","$8,100"
14,"$4,204","$4,161","$4,126","$8,544","$8,501","$8,466","$4,148","$4,105","$4,070","$8,488","$8,445","$8,410"
15,"$4,277","$4,234","$4,199","$8,927","$8,884","$8,849","$4,148","$4,105","$4,070","$8,798","$8,755","$8,720"
16,"$4,277","$4,234","$4,199","$8,927","$8,884","$8,849","$4,148","$4,105","$4,070","$8,488","$9,065","$9,030"
17,"$4,277","$4,234","$4,199","$8,927","$8,884","$8,849","$4,148","$4,105","$4,070","$8,488","$9,375","$9,340"
18,"$4,277","$4,234","$4,199","$8,927","$8,884","$8,849","$4,148","$4,105","$4,070","$8,488","$9,685","$9,650"
19,"$4,277","$4,234","$4,199","$8,927","$8,884","$8,849",–,–,–,–,–,–
20,"$4,277","$4,234","$4,199","$8,927","$8,884","$8,849",–,–,–,–,–,–
21,"$4,277","$4,234","$4,199","$8,927","$8,884","$8,849",–,–,–,–,–,–
22,"$4,277","$4,234","$4,199","$8,927","$8,884","$8,849",–,–,–,–,–,–
23,"$4,277","$4,234","$4,199","$8,927","$8,884","$8,849",–,–,–,–,–,–
24,"$4,277","$4,234","$4,199","$8,927","$8,884","$8,849",–,–,–,–,–,–

Supplemental Designated Tuition Fees
School,Courses,Fee
School of Arts and Humanities,ATEC,$40.00 per credit hour
School of Behavioral and Brain Sciences,"Graduate Speech Language/Audiology (COMD, AUD)",$40.00 per credit hour
"School of Economic, Political and Policy Sciences",Graduate Public Affairs (PA),$40.00 per credit hour
Erik Jonsson School of Engineering and Computer Science,All ECS,$40.00 per credit hour
Naveen Jindal School of Management,All MGT,$40.00 per credit hour

